StudentID,Student Name,CGPA
21CE001,AJAKIYA HARSHIT RAJNIKANT,9.68
21CE002,ANDREW BABU AUGUSTINE,9.68
21CE003,ANKLESHWARIYA HARIL JITENDRABHAI,8.51
21CE004,ARDESHNA DIYA KETANBHAI,8.49
21CE005,ARDESHNA SHIVAM MAYURBHAI,8.31
21CE006,ASWANI DARSH HEMRAJBHAI,9.52
21CE007,BANGORIA DAKSH VIMLESHBHAI,9.40
21CE008,BHADJA PRIYANSHI KIRITBHAI,8.22
21CE009,BHALGAMI RONAK MEHULKUMAR,9.51
21CE010,VEDIKA BHALODI,9.55
21CE011,SAMRIDDHI UMESH BHATT,9.59
21CE012,BHIKADIYA KRISH JIGNESHBHAI,8.87
21CE013,BHIMANI ABHI KANTIBHAI,9.31
21CE014,BHUT VASU HEMANTBHAI,7.84
21CE015,CHAUDHARI RISHIKESH PRASHANT,8.64
21CE016,CHAUDHARY MAMTA BHANWARLAL,7.43
21CE017,OMDUTTSINH I CHAUHAN,7.97
21CE018,CHAUHAN PAVAN RITESHKUMAR,9.00
21CE019,CHAVDA DARSHAN TILAKKUMAR,8.64
21CE020,CHHASATIYA AAKASHSINH BHARATSINH,7.78
21CE021,CHONDAGAR DHARMIK RAJESH,8.94
21CE022,DAVE NILANG ATULKUMAR,7.85
21CE023,DELVADIYA JYOT DHIRAJLAL,9.30
21CE024,DESAI ANERI NIRAV,9.31
21CE025,DESAI UNNATI MEHULKUMAR,8.21
21CE026,DUDHAT HARSH RAJESHBHAI,8.84
21CE027,FACHARA RAJ SHAILESHBHAI,9.32
21CE028,FALDU PRISHA MANISHBHAI,9.57
21CE029,GADHIYA MAHEE BHARATBHAI,9.44
21CE030,GAJERA PRACHI JITENDRABHAI,9.69
21CE031,DULARI BHUSHAN GAJJAR,9.37
21CE032,,Not found
,Not found,
21CE033,GARALA DARSHKUMAR MITULBHAI,8.34
21CE034,GOHIL YASH DEEPAKBHAI,8.62
21CE035,KHUSHI SANDIPBHAI GORIYA,9.70
21CE036,GOYANI NEEL BHARATBHAI,8.78
21CE037,GUNDARANIYA UTSAV ROHITBHAI,9.52
21CE038,HADIYAL KEVAL RAMESHKUMAR,8.55
21CE039,HARSH DINESHKUMAR HINGRAJIA,6.62
21CE040,ITALIYA OM JITUBHAI,8.06
21CE041,JADEJA SNEHA GIRIRAJSINH,9.36
21CE042,JANI SNEH HITESHBHAI,8.78
21CE043,AAYUSH JANSARI,9.21
21CE044,JIYANI JEEL DINESHBHAI,7.95
21CE045,JODHANI KRUNAL NARSINHBHAI,9.43
21CE046,JOISAR SUJAL ATULBHAI,8.18
21CE047,JOSHI AKSHITKUMAR GIRISHBHAI,7.33
21CE048,JOSHI JAIMIN VIJAYBHAI,9.44
21CE049,KAILA DIVYKUMAR VINODBHAI,8.41
21CE050,KANANI KRISH,9.18
21CE051,KANSAGARA KUSH HITESHBHAI,8.87
21CE052,KARANGALE HARSHAL AKSHAY,9.74
21CE053,KATHIRIYA SMIT JAYESHBHAI,8.70
21CE054,KEVADIYA KRUNAL MAHESHBHAI,9.14
21CE055,KHANDHAR BHAVIK HARENDRABHAI,7.34
21CE056,KHENI HEPPIL JITENDRABHAI,9.16
21CE057,KHORAJIYA NISHAR MUSTUFA,8.09
21CE058,KOTHIYA VIVEKKUMAR JAYANTIBHAI,8.32
21CE059,KOYANI DEV PRAVINBHAI,8.08
21CE060,LAD MEET MUKESHBHAI,9.33
21CE061,LADANI DHRUVIBEN KETANBHAI,8.62
21CE062,LADANI YAGNIK MAHENDRABHAI,9.59
21CE063,LUHAR MANAV JITUBHAI,7.67
21CE064,MOHIT MAHESHWARI,8.24
21CE065,MAKHANSA JENIL RAMESHBHAI,9.48
21CE066,,Not found
,Not found,
21CE067,MAMTORA JATIN UMESHBHAI,9.56
21CE068,MANDLIK VISMIT JITENDRABHAI,9.06
21CE069,MARU VINIT DINESHCHANDRA,7.77
21CE070,MATALIA KIRTAN SANJAYBHAI,8.78
21CE071,MATHAKIYA MOHMADANISH ABDULBHAI,7.90
21CE072,ANUJ KAMLESHBHAI MODI,9.28
21CE073,MODI OM CHETANKUMAR,8.56
21CE074,MOMIN MOHAMMADFAIZAN JAKIRHUSEN,8.44
21CE075,MOTERIYA NEVIL ALPESHBHAI,6.95
21CE076,MUNGALAPARA DAKSH PRAFULBHAI,7.55
21CE077,NAIK JIYA ASHISHKUMAR,7.61
21CE078,NAIK KUSH DUSHYANT,7.36
21CE079,DHRUV NASIT,9.53
21CE080,NAVADIYA KABIR NAVINKUMAR,9.10
21CE081,NAYI OM DHARMESHBHAI,8.51
21CE082,ODEDARA DISHABEN LAKHAMAN,8.08
21CE083,ONDHIYA BHAVIN RAMESHBHAI,8.99
21CE084,PANDYA KALP DHANANJAY,9.17
21CE085,PANDYA NIRMIT KAUTILKUMAR,9.26
21CE086,PANDYA SIDDHI DEVENDRA,7.34
21CE087,PAREKH ISHA HIRENBHAI,6.62
21CE088,PARMAR VRAJ VIPUL,8.06
21CE089,PATEL DHAVAL MAHENDRABHAI,9.06
21CE090,PATEL HARSH NILESHKUMAR,9.00
21CE091,PATEL HETKUMAR RAJESHBHAI,7.34
21CE092,PATEL JAYKUMAR NARESHKUMAR,6.99
21CE093,PATEL JENIS BHARATKUMAR,9.11
21CE094,PATEL KALPITKUMAR ASHISHKUMAR,6.86
21CE095,PATEL KARM HITESHKUMAR,8.63
21CE096,PATEL MANAN JIGNESHKUMAR,6.74
21CE097,PATEL MANAV JAYESHBHAI,9.43
21CE098,PATEL MANTHAN JOLITKUMAR,8.23
21CE099,PATEL MOKSH DIPAKKUMAR,8.59
21CE100,PATEL NIHAR VINESHBHAI,7.32
21CE101,PATEL NISHIL ASHVIN,7.17
21CE102,PATEL NISHKUMAR YOGESHBHAI,9.64
21CE103,PATEL SMIT PURVINBHAI,9.40
21CE104,,Not found
,Not found,
21CE105,PATEL VRAJ ANILBHAI,8.97
21CE106,PATEL VRAJ HITESHKUMAR,8.94
21CE107,,Not found
,Not found,
21CE108,PATNI KAUMILKUMAR MUKESHBHAI,8.91
21CE109,PITHIYA VARUN KARSANBHAI,6.34
21CE110,PRANAMI SHREYANS JAYANTIBHAI,7.68
21CE111,RABADIYA RUSHIT NATVAR,8.63
21CE112,RABARA ARYAAN JAGDISHKUMAR,9.24
21CE113,RADIYA HETSHRI KALPESHBHAI,8.57
21CE114,RANA HARSH CHANDRAKANT,9.53
21CE115,RATHOD KISHANKUMAR JAYANTILAL,8.94
21CE116,RATHOD VATSAL RAJESHBHAI,8.56
21CE117,RUPARELIYA ABHI KIRITBHAI,9.54
21CE118,SANGANI SHRUTI MAHESHBHAI,9.36
21CE119,SANGHVI HINAL MANISH,8.87
21CE120,SAVALIYA JAIVIN PARESHBHAI,9.46
21CE121,SAVALIYA PRASAN ASHVINBHAI,8.34
21CE122,SAVANI ANKIT MAHESHBHAI,9.26
21CE123,SENJALIYA SHYAM ANILBHAI,6.10
21CE124,SHAH AARYKUMAR AXAYKUMAR,8.85
21CE125,SHAH KAIVAN AMITKUMAR,8.99
21CE126,SHAH KATHAN NIKHILKUMAR,7.77
21CE127,SHAH KHUSHI ALPESHKUMAR,8.45
21CE128,KRISHNA SANDEEPKUMAR SHAH,9.67
21CE129,SHAH MOXSHANG ATULKUMAR,8.11
21CE130,SHAH PARTH MITESH,7.99
21CE131,SHAH RISHI PRAFULBHAI,8.10
21CE132,SHARMA EKTA,8.66
21CE133,SHEKHAT KRUPA BHARATBHAI,9.45
21CE134,SHETA DIVY KISHORBHAI,9.08
21CE135,SINOJIYA PURV ALPESHKUMAR,8.15
21CE136,SOLANKI BHARGAV DINESHBHAI,9.38
21CE137,SOLANKI KEVAL SHARADBHAI,8.55
21CE138,SOLANKI YUVRAJ SINH DILIP KUMAR,8.77
21CE139,SOYA PRATHAMKUMAR KALABHAI,8.08
21CE140,SURANI AKSH DIPAKBHAI,8.11
21CE141,TALAVIYA PRIYANSHI ASHOKBHAI,7.74
21CE142,KRISHNA MAHESHCHANDRA THAKOR,9.76
21CE143,THANKI JAYKUMAR JITESH,9.09
21CE144,THUMAR PARAM PARESHBHAI,8.11
21CE145,THUMMAR URVIN ARUNBHAI,8.62
21CE146,TRASADIYA DHRUMIL CHANDUBHAI,9.09
21CE147,UMAT VISHVDIPSINH AMITSINH,8.17
21CE148,UPADHYAY PRINCE BHUPESH,8.75
21CE149,VANSJALIYA JEET RAJESHBHAI,7.53
21CE150,VEKARIYA AUM GHANSHYAM,8.39
21CE151,VEKARIYA BHAUTIK PRAVINBHAI,8.64
21CE152,VEKARIYA DHRUV PRAVINBHAI,8.07
21CE153,VEKARIYA GRISHA SANJAYBHAI,9.22
